nombre empleado,sueldo base,descuento final,descuento afp,sueldo líquido
Enzo Castro,999105,119892.6,69937.35,809275.05
Manuel Correa,300230,36027.6,21016.1,243186.30000000002
Ricardo Rios,1208434,145012.08,84590.38,978831.5400000002
Willy Urrutia,543843,65261.16,38069.01,440512.82999999996
Maricel Gonzalez,1256911,150829.32,87983.77,1018097.9099999999
Yerko Rojas,1145556,137466.72,80188.92,927900.3600000001
Maria Arellano,757914,90949.68,53053.98,613910.3400000001
